start_time,stop_time,avg_intensity
0,20,18.771428571428572
20,40,15.216666666666667
40,60,10.7
60,80,13.816666666666668
80,100,10.84
100,120,10.0
120,140,10.0
140,160,10.0
160,180,10.0
180,200,10.0
200,220,10.0
220,240,9.916666666666666
240,260,13.2
260,280,16.5
280,300,11.74
300,320,9.883333333333333
320,340,11.379999999999999
340,360,15.15
360,380,9.76
380,400,10.0
400,420,11.883333333333335
420,440,25.54
440,460,79.56666666666666
460,480,11.28
480,500,10.36
500,520,11.383333333333333
520,540,17.16
540,560,12.333333333333334
560,580,10.0
580,600,9.82
600,620,14.733333333333334
620,640,15.559999999999999
640,660,18.96666666666667
660,680,22.96
680,700,9.36
700,720,32.35
720,740,56.96
740,760,46.300000000000004
760,780,40.96
780,800,45.64
800,820,34.9
820,840,15.76
840,860,17.68
860,880,22.139999999999997
880,900,15.35
900,920,12.959999999999999
920,940,22.616666666666664
940,960,71.12
960,980,14.38
980,1000,11.216666666666667
1000,1020,13.36
1020,1040,15.033333333333333
1040,1060,22.8
1060,1080,23.56
1080,1100,13.816666666666668
1100,1120,7.955555555555555
