start_time,stop_time,avg_intensity
0,20,45.86
20,40,18.5
40,60,10.6
60,80,28.066666666666666
80,100,28.666666666666668
100,120,17.400000000000002
120,140,10.0
140,160,13.4
160,180,10.0
180,200,10.0
200,220,10.0
220,240,16.1
240,260,11.775
260,280,15.200000000000001
280,300,9.533333333333333
300,320,9.9
320,340,10.533333333333333
340,360,10.966666666666669
360,380,9.9
380,400,9.766666666666667
400,420,10.9
420,440,14.200000000000001
440,460,27.666666666666668
460,480,32.166666666666664
480,500,8.3
500,520,42.96666666666666
520,540,102.36666666666667
540,560,64.76666666666667
560,580,9.866666666666667
580,600,20.2
600,620,25.833333333333332
620,640,19.8
640,660,22.933333333333337
660,680,40.36666666666667
680,700,17.766666666666666
700,720,12.6
720,740,10.700000000000001
740,760,9.9
760,780,9.299999999999999
780,800,13.266666666666666
800,820,23.3
820,840,23.266666666666666
840,860,14.433333333333332
860,880,10.366666666666667
880,900,12.133333333333333
900,920,11.5
920,940,27.033333333333335
940,960,36.166666666666664
960,980,12.466666666666669
980,1000,9.566666666666666
1000,1020,9.6
1020,1040,12.133333333333333
1040,1060,15.333333333333334
1060,1080,11.666666666666666
1080,1100,9.799999999999999
1100,1120,10.0
1120,1140,10.0
1140,1160,10.0
1160,1180,9.133333333333333
1180,1200,15.166666666666666
1200,1220,19.433333333333334
1220,1240,9.675
1240,1260,9.6
1260,1280,16.8
1280,1300,14.733333333333334
1300,1320,9.5
1320,1340,14.1
1340,1360,12.333333333333334
1360,1380,8.866666666666667
1380,1400,18.366666666666664
1400,1420,14.566666666666668
1420,1440,9.233333333333333
1440,1460,9.166666666666666
1460,1480,18.666666666666668
1480,1500,19.833333333333332
1500,1520,5.8
1520,1540,71.96666666666667
1540,1560,85.06666666666666
1560,1580,32.766666666666666
1580,1600,10.266666666666667
1600,1620,9.366666666666667
1620,1640,10.0
1640,1660,10.0
1660,1680,10.0
1680,1700,10.0
1700,1720,10.0
1720,1740,10.0
1740,1760,10.0
1760,1780,10.0
1780,1800,10.0
1800,1820,9.833333333333334
1820,1840,11.966666666666667
1840,1860,11.066666666666668
1860,1880,9.799999999999999
1880,1900,10.233333333333334
1900,1920,9.1
1920,1940,21.2
1940,1960,16.133333333333333
1960,1980,8.966666666666667
1980,2000,7.0
