start_time,stop_time,avg_intensity
0,5,25.6
5,10,27.35
10,15,37.4
15,20,67.45
20,25,93.83333333333333
25,30,100.06666666666666
30,35,97.0
35,40,96.76666666666667
40,45,87.15
45,50,83.0
50,55,72.13333333333333
55,60,50.150000000000006
60,65,31.366666666666664
65,70,24.666666666666668
70,75,22.25
75,80,20.95
80,85,16.7
85,90,16.566666666666666
90,95,17.15
95,100,16.5
100,105,18.53333333333333
105,110,23.4
110,115,29.633333333333336
115,120,32.25
120,125,29.066666666666663
125,130,23.900000000000002
130,135,18.799999999999997
135,140,13.333333333333334
140,145,10.033333333333333
145,150,10.0
150,155,10.05
155,160,11.833333333333334
160,165,13.799999999999999
165,170,17.5
170,175,20.133333333333336
175,180,15.966666666666667
180,185,10.399999999999999
185,190,10.366666666666667
190,195,9.95
195,200,10.866666666666667
200,205,15.933333333333332
205,210,19.3
210,215,15.333333333333334
215,220,9.466666666666667
220,225,10.0
225,230,10.0
230,235,10.0
235,240,10.0
240,245,10.0
245,250,10.0
250,255,10.0
255,260,10.0
260,265,10.0
265,270,10.0
270,275,9.966666666666667
275,280,9.766666666666666
280,285,13.55
285,290,22.266666666666666
290,295,34.43333333333333
295,300,41.95
300,305,38.7
305,310,44.23333333333333
310,315,32.56666666666667
315,320,21.299999999999997
320,325,18.733333333333334
325,330,17.633333333333333
330,335,21.15
335,340,21.2
340,345,35.166666666666664
345,350,55.29999999999999
350,355,63.8
355,360,54.199999999999996
360,365,32.36666666666667
365,370,20.049999999999997
370,375,17.566666666666666
375,380,14.75
380,385,11.1
385,390,9.700000000000001
390,395,10.149999999999999
395,400,11.0
400,405,11.766666666666666
405,410,11.2
410,415,10.15
415,420,9.9
420,425,10.0
425,430,10.0
430,435,10.0
435,440,10.0
440,445,10.0
445,450,10.0
450,455,10.0
455,460,10.0
460,465,10.0
465,470,10.0
470,475,10.0
475,480,10.0
480,485,10.0
485,490,10.0
490,495,10.0
495,500,10.0
500,505,10.0
505,510,10.0
510,515,10.0
515,520,10.0
520,525,10.0
525,530,10.0
530,535,10.1
535,540,10.433333333333334
540,545,10.1
545,550,11.066666666666668
550,555,15.866666666666667
555,560,20.549999999999997
560,565,22.4
565,570,20.433333333333334
570,575,12.566666666666668
575,580,6.716666666666666
